INSERT INTO projects (id, title, category, funding_goal, start_date, end_date) VALUES (1, "Charity appeal", "charity", 50.00, "2018-01-01", "2018-01-31");
INSERT INTO projects (id, title, category, funding_goal, start_date, end_date) VALUES (2, "Business venture", "business", 200.00, "2018-01-15", "2018-04-30");
INSERT INTO projects (id, title, category, funding_goal, start_date, end_date) VALUES (3, "New tech app", "tech", 100.00, "2018-11-20", "2019-01-07");
INSERT INTO projects (id, title, category, funding_goal, start_date, end_date) VALUES (4, "Documentary short", "film", 1000.00, "2018-04-30", "2018-06-28");
INSERT INTO projects (id, title, category, funding_goal, start_date, end_date) VALUES (5, "Follow-up album", "music", 200.00, "2018-06-27", "2018-07-27");
INSERT INTO projects (id, title, category, funding_goal, start_date, end_date) VALUES (6, "Movie sequel", "film", 3000.00, "2018-08-29", "2018-10-31");
INSERT INTO projects (id, title, category, funding_goal, start_date, end_date) VALUES (7, "Computer game", "tech", 200.00, "2018-12-19", "2019-01-31");
INSERT INTO projects (id, title, category, funding_goal, start_date, end_date) VALUES (8, "Podcast", "tech", 100.00, "2018-12-03", "2019-01-25");
INSERT INTO projects (id, title, category, funding_goal, start_date, end_date) VALUES (9, "Novel", "books", 200.00, "2018-11-30", "2019-01-11");
INSERT INTO projects (id, title, category, funding_goal, start_date, end_date) VALUES (10, "Board game", "business", 40.00, "2018-11-14", "2018-12-29");

INSERT INTO users (id, name, age) VALUES (1, 'Alisa', 32);
INSERT INTO users (id, name, age) VALUES (2, 'Christina', 36);
INSERT INTO users (id, name, age) VALUES (3, 'Mark', 37);
INSERT INTO users (id, name, age) VALUES (4, 'Ellie', 29);
INSERT INTO users (id, name, age) VALUES (5, 'Kate', 31);
INSERT INTO users (id, name, age) VALUES (6, 'Laura', 30);
INSERT INTO users (id, name, age) VALUES (7, 'Lauron', 30);
INSERT INTO users (id, name, age) VALUES (8, 'Louis', 26);
INSERT INTO users (id, name, age) VALUES (9, 'Joe', 24);
INSERT INTO users (id, name, age) VALUES (10, 'Harvey', 50);
INSERT INTO users (id, name, age) VALUES (11, 'Samantha', 28);
INSERT INTO users (id, name, age) VALUES (12, 'Sean', 32);
INSERT INTO users (id, name, age) VALUES (13, 'Heather', 51);
INSERT INTO users (id, name, age) VALUES (14, 'DeAnne', 29);
INSERT INTO users (id, name, age) VALUES (15, 'Elodie', 29);
INSERT INTO users (id, name, age) VALUES (16, 'Malcolm', 53);
INSERT INTO users (id, name, age) VALUES (17, 'Nicole', 27);
INSERT INTO users (id, name, age) VALUES (18, 'Ann', 55);
INSERT INTO users (id, name, age) VALUES (19, 'Rivka', 41);
INSERT INTO users (id, name, age) VALUES (20, 'Shanna', 38);

INSERT INTO pledges (id, amount, user_id, project_id) VALUES (1, 200.00, 1, 9);
INSERT INTO pledges (id, amount, user_id, project_id) VALUES (2, 50.00, 2, 5);
INSERT INTO pledges (id, amount, user_id, project_id) VALUES (3, 150.00, 3, 6);
INSERT INTO pledges (id, amount, user_id, project_id) VALUES (4, 25.00, 4, 8);
INSERT INTO pledges (id, amount, user_id, project_id) VALUES (5, 40.00, 5, 2);
INSERT INTO pledges (id, amount, user_id, project_id) VALUES (6, 35.00, 4, 3);
INSERT INTO pledges (id, amount, user_id, project_id) VALUES (7, 100.00, 5, 7);
INSERT INTO pledges (id, amount, user_id, project_id) VALUES (8, 45.00, 6, 4);
INSERT INTO pledges (id, amount, user_id, project_id) VALUES (9, 70.00, 7, 2);
INSERT INTO pledges (id, amount, user_id, project_id) VALUES (10, 25.00, 8, 1);
INSERT INTO pledges (id, amount, user_id, project_id) VALUES (11, 40.00, 9, 10);
INSERT INTO pledges (id, amount, user_id, project_id) VALUES (12, 85.00, 10, 3);
INSERT INTO pledges (id, amount, user_id, project_id) VALUES (13, 55.00, 11, 4);
INSERT INTO pledges (id, amount, user_id, project_id) VALUES (14, 15.00, 12, 7);
INSERT INTO pledges (id, amount, user_id, project_id) VALUES (15, 35.00, 13, 6);
INSERT INTO pledges (id, amount, user_id, project_id) VALUES (16, 100.00, 14, 2);
INSERT INTO pledges (id, amount, user_id, project_id) VALUES (17, 18.00, 15, 2);
INSERT INTO pledges (id, amount, user_id, project_id) VALUES (18, 36.00, 16, 1);
INSERT INTO pledges (id, amount, user_id, project_id) VALUES (19, 72.00, 17, 8);
INSERT INTO pledges (id, amount, user_id, project_id) VALUES (20, 144.00, 18, 9);
INSERT INTO pledges (id, amount, user_id, project_id) VALUES (21, 180.00, 19, 9);
INSERT INTO pledges (id, amount, user_id, project_id) VALUES (22, 36.00, 20, 4);
INSERT INTO pledges (id, amount, user_id, project_id) VALUES (23, 44.00, 3, 5);
INSERT INTO pledges (id, amount, user_id, project_id) VALUES (24, 15.00, 7, 6);
INSERT INTO pledges (id, amount, user_id, project_id) VALUES (25, 70.00, 2, 2);
INSERT INTO pledges (id, amount, user_id, project_id) VALUES (26, 65.00, 1, 7);
INSERT INTO pledges (id, amount, user_id, project_id) VALUES (27, 50.00, 16, 10);
INSERT INTO pledges (id, amount, user_id, project_id) VALUES (28, 28.00, 20, 3);
INSERT INTO pledges (id, amount, user_id, project_id) VALUES (29, 30.00, 11, 10);
INSERT INTO pledges (id, amount, user_id, project_id) VALUES (30, 150.00, 4, 1);
